model,size_gb,pipeline,ratio,cosine_similarity,threshold,pass_fail,compaction_time_ms,baseline_tok_s,compacted_tok_s,prefix_tokens
TinyLlama-1.1B,0.6,select,2,0.9993,0.95,PASS,90.0,89.4,53.1,3276
TinyLlama-1.1B,0.6,select,4,0.9989,0.90,PASS,75.0,89.4,65.4,3276
TinyLlama-1.1B,0.6,select,8,0.9746,0.85,PASS,72.3,89.4,74.8,3276
TinyLlama-1.1B,0.6,select,10,0.9683,0.80,PASS,63.7,89.4,77.1,3276
TinyLlama-1.1B,0.6,select,20,0.9064,0.70,PASS,63.1,89.4,82.2,3276
TinyLlama-1.1B,0.6,select,50,0.8243,0.50,PASS,60.3,89.4,87.6,3276
Llama3.2-3B,1.9,select,2,0.9970,0.95,PASS,321.0,49.3,14.9,3276
Llama3.2-3B,1.9,select,4,0.9927,0.90,PASS,274.5,49.3,19.2,3276
Llama3.2-3B,1.9,select,8,0.9893,0.85,PASS,241.4,49.3,22.7,3276
Llama3.2-3B,1.9,select,10,0.9868,0.80,PASS,242.5,49.3,23.4,3276
Llama3.2-3B,1.9,select,20,0.9772,0.70,PASS,225.5,49.3,25.2,3276
Llama3.2-3B,1.9,select,50,0.9774,0.50,PASS,229.1,49.3,26.7,3276
CodeGemma-7B,4.7,select,2,1.0000,0.95,PASS,1242.0,25.3,4.4,3276
CodeGemma-7B,4.7,select,4,1.0000,0.90,PASS,966.0,25.3,5.8,3276
CodeGemma-7B,4.7,select,8,1.0000,0.85,PASS,891.0,25.3,7.0,3276
CodeGemma-7B,4.7,select,10,1.0000,0.80,PASS,852.4,25.3,7.3,3276
CodeGemma-7B,4.7,select,20,1.0000,0.70,PASS,805.8,25.3,8.0,3276
CodeGemma-7B,4.7,select,50,1.0000,0.50,PASS,778.8,25.3,8.6,3276
Mistral-7B,4.1,select,2,0.9962,0.95,PASS,353.1,27.8,11.4,3276
Mistral-7B,4.1,select,4,0.9896,0.90,PASS,310.6,27.8,14.0,3276
Mistral-7B,4.1,select,8,0.9832,0.85,PASS,279.0,27.8,16.1,3276
Mistral-7B,4.1,select,10,0.9798,0.80,PASS,277.0,27.8,16.6,3276
Mistral-7B,4.1,select,20,0.9782,0.70,PASS,252.5,27.8,17.6,3276
Mistral-7B,4.1,select,50,0.9823,0.50,PASS,247.3,27.8,18.4,3276
Llama3.1-8B,4.6,select,2,0.9979,0.95,PASS,361.5,26.5,11.3,3276
Llama3.1-8B,4.6,select,4,0.9940,0.90,PASS,308.3,26.5,13.7,3276
Llama3.1-8B,4.6,select,8,0.9879,0.85,PASS,279.2,26.5,15.5,3276
Llama3.1-8B,4.6,select,10,0.9837,0.80,PASS,272.2,26.5,16.0,3276
Llama3.1-8B,4.6,select,20,0.9779,0.70,PASS,259.4,26.5,16.9,3276
Llama3.1-8B,4.6,select,50,0.9769,0.50,PASS,254.0,26.5,17.8,3276
Granite3.1-Dense-8B,4.6,select,2,0.9928,0.95,PASS,450.8,22.5,9.3,3276
Granite3.1-Dense-8B,4.6,select,4,0.9800,0.90,PASS,382.5,22.5,11.5,3276
Granite3.1-Dense-8B,4.6,select,8,0.9656,0.85,PASS,341.3,22.5,13.1,3276
Granite3.1-Dense-8B,4.6,select,10,0.9672,0.80,PASS,337.5,22.5,13.6,3276
Granite3.1-Dense-8B,4.6,select,20,0.9547,0.70,PASS,319.8,22.5,14.4,3276
Granite3.1-Dense-8B,4.6,select,50,0.9624,0.50,PASS,312.3,22.5,15.2,3276
Aya-8B,4.5,select,2,0.9976,0.95,PASS,361.5,27.4,10.8,3276
Aya-8B,4.5,select,4,0.9953,0.90,PASS,391.2,27.4,13.1,3276
Aya-8B,4.5,select,8,0.9935,0.85,PASS,281.9,27.4,16.1,3276
Aya-8B,4.5,select,10,0.9921,0.80,PASS,265.1,27.4,16.5,3276
Aya-8B,4.5,select,20,0.9904,0.70,PASS,259.6,27.4,17.5,3276
Aya-8B,4.5,select,50,0.9904,0.50,PASS,242.7,27.4,18.4,3276
Qwen2.5-7B,4.4,select,2,0.9986,0.95,PASS,152.3,29.4,17.4,3276
Qwen2.5-7B,4.4,select,4,0.9949,0.90,PASS,130.2,29.4,20.3,3276
Qwen2.5-7B,4.4,select,8,0.9892,0.85,PASS,118.0,29.4,22.0,3276
Qwen2.5-7B,4.4,select,10,0.9908,0.80,PASS,115.3,29.4,22.4,3276
Qwen2.5-7B,4.4,select,20,0.9633,0.70,PASS,110.2,29.4,23.3,3276
Qwen2.5-7B,4.4,select,50,0.9631,0.50,PASS,108.1,29.4,24.2,3276
Qwen3-8B,4.9,select,2,0.9995,0.95,PASS,396.6,24.5,10.5,3276
Qwen3-8B,4.9,select,4,0.9986,0.90,PASS,336.1,24.5,12.8,3276
Qwen3-8B,4.9,select,8,0.9965,0.85,PASS,304.8,24.5,14.5,3276
Qwen3-8B,4.9,select,10,0.9943,0.80,PASS,296.0,24.5,14.9,3276
Qwen3-8B,4.9,select,20,0.9891,0.70,PASS,282.5,24.5,15.8,3276
Qwen3-8B,4.9,select,50,0.9872,0.50,PASS,276.8,24.5,16.5,3276
DeepSeek-R1-8B,4.9,select,2,0.9982,0.95,PASS,409.9,24.6,10.1,3276
DeepSeek-R1-8B,4.9,select,4,0.9958,0.90,PASS,349.3,24.6,12.8,3276
DeepSeek-R1-8B,4.9,select,8,0.9902,0.85,PASS,301.4,24.6,14.5,3276
DeepSeek-R1-8B,4.9,select,10,0.9893,0.80,PASS,296.9,24.6,14.9,3276
DeepSeek-R1-8B,4.9,select,20,0.9825,0.70,PASS,281.7,24.6,15.8,3276
DeepSeek-R1-8B,4.9,select,50,0.9785,0.50,PASS,276.7,24.6,16.5,3276
Gemma2-9B,5.1,select,2,0.9994,0.95,PASS,446.0,21.9,8.3,3276
Gemma2-9B,5.1,select,4,0.9984,0.90,PASS,372.4,21.9,10.2,3276
Gemma2-9B,5.1,select,8,0.9968,0.85,PASS,331.5,21.9,12.0,3276
Gemma2-9B,5.1,select,10,0.9915,0.80,PASS,314.7,21.9,12.4,3276
Gemma2-9B,5.1,select,20,0.8274,0.70,PASS,296.0,21.9,13.1,3276
Gemma2-9B,5.1,select,50,0.7817,0.50,PASS,288.5,21.9,13.9,3276
Qwen2.5-14B,8.4,select,2,0.9872,0.95,PASS,523.9,14.4,6.3,3276
Qwen2.5-14B,8.4,select,4,0.9678,0.90,PASS,452.7,14.4,8.3,3276
Qwen2.5-14B,8.4,select,8,0.9457,0.85,PASS,403.0,14.4,9.3,3276
Qwen2.5-14B,8.4,select,10,0.9374,0.80,PASS,393.8,14.4,9.5,3276
Qwen2.5-14B,8.4,select,20,0.9460,0.70,PASS,374.1,14.4,10.0,3276
Qwen2.5-14B,8.4,select,50,0.9353,0.50,PASS,369.0,14.4,10.4,3276
Qwen2.5-Coder-14B,8.4,select,2,0.9974,0.95,PASS,548.4,14.4,6.8,3276
Qwen2.5-Coder-14B,8.4,select,4,0.9910,0.90,PASS,458.9,14.4,8.2,3276
Qwen2.5-Coder-14B,8.4,select,8,0.9879,0.85,PASS,406.3,14.4,9.2,3276
Qwen2.5-Coder-14B,8.4,select,10,0.9875,0.80,PASS,397.0,14.4,9.4,3276
Qwen2.5-Coder-14B,8.4,select,20,0.9925,0.70,PASS,382.5,14.4,10.0,3276
Qwen2.5-Coder-14B,8.4,select,50,0.9908,0.50,PASS,375.0,14.4,10.4,3276
Qwen3-14B,8.6,select,2,0.9951,0.95,PASS,448.7,14.9,7.2,3276
Qwen3-14B,8.6,select,4,0.9956,0.90,PASS,383.4,14.9,8.7,3276
Qwen3-14B,8.6,select,8,0.9919,0.85,PASS,339.8,14.9,10.2,3276
Qwen3-14B,8.6,select,10,0.9922,0.80,PASS,325.4,14.9,10.2,3276
Qwen3-14B,8.6,select,20,0.8969,0.70,PASS,315.8,14.9,11.0,3276
Qwen3-14B,8.6,select,50,0.9030,0.50,PASS,302.5,14.9,11.4,3276
DeepSeek-R1-14B,8.4,select,2,0.9990,0.95,PASS,558.2,14.2,6.2,3276
DeepSeek-R1-14B,8.4,select,4,0.9973,0.90,PASS,458.9,14.2,8.3,3276
DeepSeek-R1-14B,8.4,select,8,0.9942,0.85,PASS,399.6,14.2,9.3,3276
DeepSeek-R1-14B,8.4,select,10,0.9904,0.80,PASS,393.9,14.2,9.6,3276
DeepSeek-R1-14B,8.4,select,20,0.9856,0.70,PASS,376.5,14.2,10.0,3276
DeepSeek-R1-14B,8.4,select,50,0.9829,0.50,PASS,368.4,14.2,10.4,3276
Qwen3-30B-A3B,17.3,select,2,0.9997,0.95,PASS,280.0,30.6,14.0,3276
Qwen3-30B-A3B,17.3,select,4,0.9993,0.90,PASS,227.0,30.6,18.2,3276
Qwen3-30B-A3B,17.3,select,8,0.9987,0.85,PASS,223.5,30.6,19.9,3276
Qwen3-30B-A3B,17.3,select,10,0.9987,0.80,PASS,206.4,30.6,19.9,3276
Qwen3-30B-A3B,17.3,select,20,0.9974,0.70,PASS,199.1,30.6,21.6,3276
Qwen3-30B-A3B,17.3,select,50,0.9967,0.50,PASS,194.2,30.6,22.4,3276
